<?xml version="1.0" encoding="utf-8" standalone="yes"?>
<rss version="2.0" xmlns:atom="http://www.w3.org/2005/Atom">
  <channel>
    <title>Vimalin Documentation</title>
    <link>https://vimalindoc.kasiban.com/</link>
    <description>Recent content on Vimalin Documentation</description>
    <generator>Hugo -- gohugo.io</generator>
    <language>en-us</language>
    <copyright>Copyright &amp;copy; 2021 by [Antwise Solution](https://antwise.com/)</copyright>
    <lastBuildDate>Sun, 29 Aug 2021 16:14:54 +0200</lastBuildDate><atom:link href="https://vimalindoc.kasiban.com/index.xml" rel="self" type="application/rss+xml" />
    <item>
      <title>Darn ... Page not found.</title>
      <link>https://vimalindoc.kasiban.com/404/</link>
      <pubDate>Tue, 31 Aug 2021 01:39:49 +0200</pubDate>
      
      <guid>https://vimalindoc.kasiban.com/404/</guid>
      <description>You should look somewhere else.</description>
    </item>
    
    <item>
      <title>Opps, you are offline</title>
      <link>https://vimalindoc.kasiban.com/offline/</link>
      <pubDate>Tue, 31 Aug 2021 01:35:32 +0200</pubDate>
      
      <guid>https://vimalindoc.kasiban.com/offline/</guid>
      <description>You show try to find some internet connection to browse here.</description>
    </item>
    
  </channel>
</rss>
