<?xml version="1.0" encoding="utf-8" standalone="yes"?>
<rss version="2.0" xmlns:atom="http://www.w3.org/2005/Atom">
  <channel>
    <title>Schedule a job on Vimalin Documentation</title>
    <link>https://vimalindoc.kasiban.com/windows/makebackups/schedule/</link>
    <description>Recent content in Schedule a job on Vimalin Documentation</description>
    <generator>Hugo -- gohugo.io</generator>
    <language>en-us</language>
    <copyright>Copyright &amp;copy; 2021 by [Antwise Solution](https://antwise.com/)</copyright>
    <lastBuildDate>Mon, 30 Aug 2021 00:31:27 +0200</lastBuildDate><atom:link href="https://vimalindoc.kasiban.com/windows/makebackups/schedule/index.xml" rel="self" type="application/rss+xml" />
  </channel>
</rss>
