<?xml version="1.0" encoding="utf-8" standalone="yes"?>
<rss version="2.0" xmlns:atom="http://www.w3.org/2005/Atom">
  <channel>
    <title>Create a Schedule on Vimalin Documentation</title>
    <link>https://vimalindoc.kasiban.com/macos/makebackups/createschedule/</link>
    <description>Recent content in Create a Schedule on Vimalin Documentation</description>
    <generator>Hugo -- gohugo.io</generator>
    <language>en-us</language>
    <copyright>Copyright &amp;copy; 2021 by [Antwise Solution](https://antwise.com/)</copyright>
    <lastBuildDate>Sun, 29 Aug 2021 23:56:09 +0200</lastBuildDate><atom:link href="https://vimalindoc.kasiban.com/macos/makebackups/createschedule/index.xml" rel="self" type="application/rss+xml" />
  </channel>
</rss>
