<?xml version="1.0" encoding="utf-8" standalone="yes"?>
<rss version="2.0" xmlns:atom="http://www.w3.org/2005/Atom">
  <channel>
    <title>Set a backup target on Vimalin Documentation</title>
    <link>https://vimalindoc.kasiban.com/macos/config/backuptarget/</link>
    <description>Recent content in Set a backup target on Vimalin Documentation</description>
    <generator>Hugo -- gohugo.io</generator>
    <language>en-us</language>
    <copyright>Copyright &amp;copy; 2021 by [Antwise Solution](https://antwise.com/)</copyright>
    <lastBuildDate>Sun, 29 Aug 2021 23:46:58 +0200</lastBuildDate><atom:link href="https://vimalindoc.kasiban.com/macos/config/backuptarget/index.xml" rel="self" type="application/rss+xml" />
  </channel>
</rss>
